"","x"
"1","0610007P14Rik"
"2","0610009B22Rik"
"3","1110037F02Rik"
"4","1110038B12Rik"
"5","1110058L19Rik"
"6","1700020I14Rik"
"7","1700123O20Rik"
"8","1810009A15Rik"
"9","1810013L24Rik"
"10","1810037I17Rik"
"11","1810043H04Rik"
"12","1810055G02Rik"
"13","1810058I24Rik"
"14","2010107E04Rik"
"15","2210016F16Rik"
"16","2210016L21Rik"
"17","2310022B05Rik"
"18","2310039H08Rik"
"19","2410006H16Rik"
"20","2410015M20Rik"
"21","2700089E24Rik"
"22","2810004N23Rik"
"23","4833439L19Rik"
"24","9030624J02Rik"
"25","9530068E07Rik"
"26","AI413582"
"27","AW549877"
"28","Aamp"
"29","Aars"
"30","Abcc1"
"31","Abce1"
"32","Abcf1"
"33","Abcf2"
"34","Abhd4"
"35","Abi1"
"36","Abi3bp"
"37","Acaa1a"
"38","Acadl"
"39","Acadsb"
"40","Acat1"
"41","Acin1"
"42","Aco2"
"43","Acot13"
"44","Acot7"
"45","Acta2"
"46","Actn1"
"47","Actn4"
"48","Actr10"
"49","Actr1a"
"50","Actr1b"
"51","Actr2"
"52","Actr3"
"53","Adam15"
"54","Adam19"
"55","Adam9"
"56","Adamts5"
"57","Adh5"
"58","Adipor1"
"59","Adk"
"60","Aebp1"
"61","Aebp2"
"62","Aes"
"63","Afap1"
"64","Afg3l2"
"65","Aga"
"66","Agpat1"
"67","Agpat6"
"68","Ahnak"
"69","Aimp1"
"70","Aimp2"
"71","Ak2"
"72","Akap12"
"73","Akap2"
"74","Akr1b10"
"75","Akt1"
"76","Akt1s1"
"77","Alas1"
"78","Aldh18a1"
"79","Aldh2"
"80","Alg14"
"81","Alg5"
"82","Amfr"
"83","Amotl1"
"84","Anapc16"
"85","Anapc2"
"86","Anapc5"
"87","Angptl2"
"88","Ankrd17"
"89","Ano6"
"90","Anp32b"
"91","Antxr1"
"92","Anxa1"
"93","Anxa3"
"94","Anxa4"
"95","Anxa6"
"96","Anxa7"
"97","Anxa8"
"98","Ap1s1"
"99","Ap2a2"
"100","Ap2b1"
"101","Ap2m1"
"102","Ap2s1"
"103","Ap3d1"
"104","Apbb1ip"
"105","Aplp2"
"106","Apoa1bp"
"107","App"
"108","Aprt"
"109","Arcn1"
"110","Arf2"
"111","Arf3"
"112","Arf4"
"113","Arf5"
"114","Arf6"
"115","Arfip1"
"116","Arhgap1"
"117","Arhgap29"
"118","Arhgdib"
"119","Arhgef25"
"120","Arid5b"
"121","Arl2"
"122","Arl2bp"
"123","Arl6ip1"
"124","Arl6ip5"
"125","Arl8a"
"126","Arl8b"
"127","Arpc1a"
"128","Arpc1b"
"129","Arpc3"
"130","Arpc4"
"131","Arpc5"
"132","Arpp19"
"133","Asah1"
"134","Asap1"
"135","Asna1"
"136","Asns"
"137","Asph"
"138","Atad1"
"139","Ate1"
"140","Atf4"
"141","Atic"
"142","Atoh8"
"143","Atox1"
"144","Atp13a3"
"145","Atp1a1"
"146","Atp1b3"
"147","Atp2a2"
"148","Atp5a1"
"149","Atp5c1"
"150","Atp5f1"
"151","Atp5j2"
"152","Atp5o"
"153","Atp6v0b"
"154","Atp6v0e"
"155","Atp6v1a"
"156","Atp6v1b2"
"157","Atp6v1c1"
"158","Atp6v1d"
"159","Atp6v1e1"
"160","Atp6v1f"
"161","Atp6v1h"
"162","Atpif1"
"163","Atxn10"
"164","Atxn7l3b"
"165","Aup1"
"166","Aurkaip1"
"167","Avpi1"
"168","B2m"
"169","B4galt1"
"170","B4galt5"
"171","BC004004"
"172","BC031181"
"173","Bad"
"174","Bag2"
"175","Bag3"
"176","Bag6"
"177","Bak1"
"178","Banf1"
"179","Basp1"
"180","Bax"
"181","Bbip1"
"182","Bcas2"
"183","Bcat1"
"184","Bccip"
"185","Bckdk"
"186","Bcl10"
"187","Bcl2l1"
"188","Bclaf1"
"189","Bicc1"
"190","Bid"
"191","Bin1"
"192","Blvrb"
"193","Bmp1"
"194","Bnip3l"
"195","Bod1l"
"196","Bok"
"197","Bola3"
"198","Brd2"
"199","Brd3"
"200","Brix1"
"201","Btg1"
"202","Btg2"
"203","Bub3"
"204","Bud31"
"205","Bzw1"
"206","Bzw2"
"207","C1qbp"
"208","Cacybp"
"209","Cad"
"210","Calm1"
"211","Calm3"
"212","Calr"
"213","Calu"
"214","Camk2g"
"215","Caml"
"216","Cant1"
"217","Cap1"
"218","Capg"
"219","Capn2"
"220","Capns1"
"221","Caprin1"
"222","Cast"
"223","Cat"
"224","Cav1"
"225","Cbfb"
"226","Cbx5"
"227","Ccar1"
"228","Ccdc107"
"229","Ccdc109b"
"230","Ccdc12"
"231","Ccdc127"
"232","Ccdc23"
"233","Ccdc47"
"234","Ccdc50"
"235","Ccdc59"
"236","Ccdc6"
"237","Ccdc80"
"238","Ccl2"
"239","Ccl7"
"240","Ccnd2"
"241","Ccnd3"
"242","Ccne1"
"243","Ccng1"
"244","Ccny"
"245","Ccs"
"246","Cct2"
"247","Cct4"
"248","Cct5"
"249","Cct6a"
"250","Cct8"
"251","Cd44"
"252","Cd47"
"253","Cd9"
"254","Cdc123"
"255","Cdc16"
"256","Cdc26"
"257","Cdc34"
"258","Cdc37"
"259","Cdc42bpa"
"260","Cdc5l"
"261","Cdipt"
"262","Cdk4"
"263","Cdk5"
"264","Cdk7"
"265","Cdkn1a"
"266","Cdkn2b"
"267","Cfdp1"
"268","Cfl2"
"269","Cggbp1"
"270","Chchd1"
"271","Chchd2"
"272","Chd4"
"273","Chmp2b"
"274","Chmp4b"
"275","Chmp5"
"276","Chpf"
"277","Chst12"
"278","Chst14"
"279","Chsy1"
"280","Cib1"
"281","Cinp"
"282","Cirh1a"
"283","Ckap4"
"284","Clic4"
"285","Clint1"
"286","Cln5"
"287","Clns1a"
"288","Clpp"
"289","Clptm1l"
"290","Clta"
"291","Cltc"
"292","Cmc1"
"293","Cmpk1"
"294","Cmtm3"
"295","Cmtm7"
"296","Cnbp"
"297","Cnn1"
"298","Cnn2"
"299","Cnn3"
"300","Cnpy2"
"301","Cnpy4"
"302","Col12a1"
"303","Col1a1"
"304","Col1a2"
"305","Col3a1"
"306","Col4a1"
"307","Col4a2"
"308","Col5a1"
"309","Col6a1"
"310","Col6a2"
"311","Col6a3"
"312","Col8a1"
"313","Colec12"
"314","Commd10"
"315","Commd2"
"316","Commd3"
"317","Commd4"
"318","Commd6"
"319","Commd7"
"320","Commd8"
"321","Comt"
"322","Copa"
"323","Copb1"
"324","Copb2"
"325","Cops2"
"326","Cops4"
"327","Cops5"
"328","Cops7a"
"329","Cops8"
"330","Copz2"
"331","Coq10b"
"332","Coq2"
"333","Coro1b"
"334","Coro1c"
"335","Cox6c"
"336","Cox7a2"
"337","Cox7c"
"338","Cpe"
"339","Cpne1"
"340","Cpne2"
"341","Cpne3"
"342","Cpsf3"
"343","Cr1l"
"344","Creb3"
"345","Cript"
"346","Crk"
"347","Crlf1"
"348","Crtap"
"349","Cryzl1"
"350","Cs"
"351","Csde1"
"352","Csgalnact1"
"353","Csk"
"354","Csnk1d"
"355","Csnk2a2"
"356","Csrp1"
"357","Ctage5"
"358","Ctdsp2"
"359","Ctgf"
"360","Ctnna1"
"361","Ctnnb1"
"362","Ctps"
"363","Ctsa"
"364","Ctsb"
"365","Ctsh"
"366","Ctsl"
"367","Ctsz"
"368","Cttn"
"369","Ctxn1"
"370","Cuedc2"
"371","Cul1"
"372","Cul5"
"373","Cuta"
"374","Cwc15"
"375","Cxcl5"
"376","Cyb5b"
"377","Cyba"
"378","Cyfip1"
"379","Cyp51"
"380","Cyr61"
"381","D15Ertd621e"
"382","D17Wsu104e"
"383","D17Wsu92e"
"384","D19Bwg1357e"
"385","Dap3"
"386","Dbn1"
"387","Dbnl"
"388","Dcaf13"
"389","Dcbld2"
"390","Dctn1"
"391","Dctn2"
"392","Dctn3"
"393","Dctn5"
"394","Dctn6"
"395","Ddah1"
"396","Ddb1"
"397","Ddost"
"398","Ddr1"
"399","Ddr2"
"400","Ddx1"
"401","Ddx17"
"402","Ddx24"
"403","Ddx39"
"404","Ddx46"
"405","Ddx47"
"406","Ddx56"
"407","Dek"
"408","Derl1"
"409","Dhrs3"
"410","Dhrs7"
"411","Dhx30"
"412","Dlat"
"413","Dld"
"414","Dlg1"
"415","Dlg5"
"416","Dlst"
"417","Dnajb11"
"418","Dnajc1"
"419","Dnajc10"
"420","Dnajc19"
"421","Dnajc3"
"422","Dnajc7"
"423","Dnajc8"
"424","Dnlz"
"425","Dnm2"
"426","Dnpep"
"427","Dnttip2"
"428","Dpp3"
"429","Dpy19l1"
"430","Dpy30"
"431","Drap1"
"432","Drg1"
"433","Drg2"
"434","Dscr3"
"435","Dst"
"436","Dstn"
"437","Dtnbp1"
"438","Dtymk"
"439","Dusp1"
"440","Dusp3"
"441","Dync1h1"
"442","Dync1li2"
"443","Dynll2"
"444","E430025E21Rik"
"445","Ebf1"
"446","Ebna1bp2"
"447","Ece1"
"448","Ecm1"
"449","Eef1d"
"450","Eef1e1"
"451","Efemp1"
"452","Efemp2"
"453","Efna5"
"454","Efr3a"
"455","Eftud2"
"456","Ehbp1l1"
"457","Ehd2"
"458","Eid1"
"459","Eif3a"
"460","Eif3b"
"461","Eif3c"
"462","Eif3d"
"463","Eif3e"
"464","Eif3f"
"465","Eif3g"
"466","Eif3h"
"467","Eif3i"
"468","Eif3k"
"469","Eif3l"
"470","Eif4a2"
"471","Eif4a3"
"472","Eif4b"
"473","Eif4e2"
"474","Eif4ebp1"
"475","Eif4g1"
"476","Eif4h"
"477","Eif5"
"478","Eif6"
"479","Elavl1"
"480","Elmo2"
"481","Elovl1"
"482","Elovl5"
"483","Elp2"
"484","Emilin2"
"485","Eml1"
"486","Emp1"
"487","Emp3"
"488","Enc1"
"489","Eno1"
"490","Epb4.1l2"
"491","Epb4.1l3"
"492","Ephx1"
"493","Eprs"
"494","Ercc1"
"495","Ergic1"
"496","Ergic2"
"497","Ergic3"
"498","Eri3"
"499","Erlec1"
"500","Erp29"
"501","Esd"
"502","Esyt1"
"503","Esyt2"
"504","Etf1"
"505","Etfa"
"506","Etfb"
"507","Ewsr1"
"508","Exoc3"
"509","Exoc7"
"510","Exosc1"
"511","Exosc5"
"512","Ext1"
"513","Ext2"
"514","Extl3"
"515","F2r"
"516","F3"
"517","Fabp5"
"518","Fads1"
"519","Faf1"
"520","Faf2"
"521","Fam103a1"
"522","Fam114a1"
"523","Fam114a2"
"524","Fam129b"
"525","Fam149b"
"526","Fam162a"
"527","Fam198b"
"528","Fam3c"
"529","Fam89b"
"530","Fam96b"
"531","Farp1"
"532","Farsa"
"533","Farsb"
"534","Fat1"
"535","Fblim1"
"536","Fbln2"
"537","Fbln5"
"538","Fbn1"
"539","Fcgrt"
"540","Fech"
"541","Fermt2"
"542","Fez2"
"543","Fgf7"
"544","Fgfr1"
"545","Fgfr1op2"
"546","Fh1"
"547","Fhl2"
"548","Fibp"
"549","Fkbp10"
"550","Fkbp11"
"551","Fkbp1a"
"552","Fkbp3"
"553","Fkbp4"
"554","Fkbp7"
"555","Fkbp8"
"556","Fkbp9"
"557","Flii"
"558","Flnb"
"559","Flnc"
"560","Flot2"
"561","Fndc3b"
"562","Fnta"
"563","Fosl2"
"564","Foxp1"
"565","Fscn1"
"566","Fstl1"
"567","Fubp1"
"568","Fuca1"
"569","Fxyd5"
"570","G3bp2"
"571","Gaa"
"572","Gadd45g"
"573","Gadd45gip1"
"574","Galc"
"575","Galk1"
"576","Galnt1"
"577","Galnt2"
"578","Ganab"
"579","Gars"
"580","Gas2l1"
"581","Gas5"
"582","Gas6"
"583","Gatad2a"
"584","Gba"
"585","Gbas"
"586","Gbf1"
"587","Gcsh"
"588","Gemin7"
"589","Get4"
"590","Gfm1"
"591","Gfpt1"
"592","Ggnbp2"
"593","Ghitm"
"594","Gipc1"
"595","Glb1"
"596","Glipr2"
"597","Glrx2"
"598","Glrx3"
"599","Glrx5"
"600","Gls"
"601","Glt25d1"
"602","Gltp"
"603","Glud1"
"604","Gm14005"
"605","Gmfb"
"606","Gmppa"
"607","Gna11"
"608","Gnai2"
"609","Gnai3"
"610","Gnas"
"611","Gnb2"
"612","Gng10"
"613","Gng12"
"614","Gnl1"
"615","Gnl2"
"616","Gnl3"
"617","Gnpnat1"
"618","Gns"
"619","Golim4"
"620","Golm1"
"621","Gorasp2"
"622","Got1"
"623","Got2"
"624","Gpc1"
"625","Gpi1"
"626","Gpr107"
"627","Gpx7"
"628","Gpx8"
"629","Grem2"
"630","Gsn"
"631","Gspt1"
"632","Gsr"
"633","Gstm5"
"634","Gsto1"
"635","Gtf2h1"
"636","Gtf2h3"
"637","Gtf2h5"
"638","Gtf2i"
"639","Gtf3c6"
"640","Gtpbp4"
"641","Guk1"
"642","Gusb"
"643","Gyg"
"644","H13"
"645","H2afv"
"646","H3f3b"
"647","Hadha"
"648","Hars"
"649","Hbegf"
"650","Hbp1"
"651","Hcfc1r1"
"652","Hdac2"
"653","Hdac3"
"654","Hdac7"
"655","Hddc2"
"656","Hdgf"
"657","Hdhd2"
"658","Hdlbp"
"659","Hexa"
"660","Hiat1"
"661","Hibadh"
"662","Higd2a"
"663","Hint1"
"664","Hk1"
"665","Hmga2"
"666","Hmgn1"
"667","Hmgn3"
"668","Hmox1"
"669","Hnrnpa2b1"
"670","Hnrnpab"
"671","Hnrnpl"
"672","Hs2st1"
"673","Hsd17b12"
"674","Hsp90aa1"
"675","Hsp90b1"
"676","Hspa14"
"677","Hspa4"
"678","Hspa5"
"679","Hspa8"
"680","Hspa9"
"681","Hspb6"
"682","Hspb8"
"683","Hspe1"
"684","Hspg2"
"685","Hsph1"
"686","Htra2"
"687","Iars"
"688","Ict1"
"689","Id1"
"690","Id3"
"691","Idh3a"
"692","Idh3b"
"693","Ier2"
"694","Ier3ip1"
"695","Igf1r"
"696","Igfbp4"
"697","Igfbp6"
"698","Igfbp7"
"699","Ik"
"700","Ikbip"
"701","Ikbkb"
"702","Il6st"
"703","Ilf3"
"704","Ilk"
"705","Immp1l"
"706","Immt"
"707","Imp3"
"708","Imp4"
"709","Impad1"
"710","Inf2"
"711","Inhba"
"712","Inpp5a"
"713","Ipo4"
"714","Ipo5"
"715","Iqgap1"
"716","Irf3"
"717","Isca2"
"718","Itfg1"
"719","Itfg3"
"720","Itga5"
"721","Itgb1"
"722","Itgb1bp1"
"723","Itm2b"
"724","Itm2c"
"725","Itpripl2"
"726","Jagn1"
"727","Jak1"
"728","Jkamp"
"729","Jtb"
"730","Kank2"
"731","Kars"
"732","Katna1"
"733","Kctd10"
"734","Kctd5"
"735","Kdelr1"
"736","Kdelr2"
"737","Kdelr3"
"738","Kdm5c"
"739","Kif1b"
"740","Kif1c"
"741","Kif5b"
"742","Klc1"
"743","Klf4"
"744","Klf6"
"745","Klhdc2"
"746","Klhdc3"
"747","Klhl26"
"748","Kpna2"
"749","Kpnb1"
"750","Ktn1"
"751","Lamb1"
"752","Lamb2"
"753","Lamc1"
"754","Lamp1"
"755","Lamtor2"
"756","Lamtor3"
"757","Lap3"
"758","Lars"
"759","Lasp1"
"760","Lats2"
"761","Lbh"
"762","Ldha"
"763","Ldlr"
"764","Lepre1"
"765","Leprel2"
"766","Leprel4"
"767","Leprot"
"768","Leprotl1"
"769","Lgals1"
"770","Lgals3"
"771","Lgals3bp"
"772","Lgals9"
"773","Lgmn"
"774","Lhfp"
"775","Lhfpl2"
"776","Lima1"
"777","Limd2"
"778","Lims1"
"779","Lipa"
"780","Litaf"
"781","Llph"
"782","Lman1"
"783","Lman2"
"784","Lmna"
"785","Lonp1"
"786","Lox"
"787","Loxl1"
"788","Loxl2"
"789","Loxl3"
"790","Lrp1"
"791","Lrp10"
"792","Lrp6"
"793","Lrpap1"
"794","Lrrc32"
"795","Lrrc41"
"796","Lrrfip1"
"797","Lsm14a"
"798","Lsm4"
"799","Lsm6"
"800","Lta4h"
"801","Ltbp2"
"802","Ltbp3"
"803","Ltbr"
"804","Lxn"
"805","Ly6a"
"806","Ly6e"
"807","Lyrm2"
"808","M6pr"
"809","Maea"
"810","Mak16"
"811","Malat1"
"812","Maml2"
"813","Man1a2"
"814","Man2a1"
"815","Man2b1"
"816","Manbal"
"817","Map1lc3a"
"818","Map2k2"
"819","Map2k3"
"820","Map2k4"
"821","Map4k4"
"822","Mapk1"
"823","Mapkapk2"
"824","Mapre1"
"825","Mapre2"
"826","Marcks"
"827","Mat2b"
"828","Mbd2"
"829","Mbnl2"
"830","Mcfd2"
"831","Mdh1"
"832","Me2"
"833","Mea1"
"834","Med15"
"835","Med21"
"836","Med28"
"837","Med4"
"838","Memo1"
"839","Mesdc2"
"840","Metap2"
"841","Metrnl"
"842","Mfap5"
"843","Mff"
"844","Mfge8"
"845","Mfsd1"
"846","Mfsd5"
"847","Mgat1"
"848","Mgrn1"
"849","Mical2"
"850","Mlec"
"851","Mmadhc"
"852","Mmp14"
"853","Mospd3"
"854","Mprip"
"855","Mpv17"
"856","Mpzl1"
"857","Mrfap1"
"858","Mrpl10"
"859","Mrpl11"
"860","Mrpl13"
"861","Mrpl14"
"862","Mrpl15"
"863","Mrpl17"
"864","Mrpl20"
"865","Mrpl28"
"866","Mrpl3"
"867","Mrpl32"
"868","Mrpl36"
"869","Mrpl37"
"870","Mrpl39"
"871","Mrpl4"
"872","Mrpl40"
"873","Mrpl41"
"874","Mrpl42"
"875","Mrpl43"
"876","Mrpl45"
"877","Mrpl46"
"878","Mrpl52"
"879","Mrpl54"
"880","Mrpl55"
"881","Mrps10"
"882","Mrps11"
"883","Mrps15"
"884","Mrps18a"
"885","Mrps18b"
"886","Mrps18c"
"887","Mrps22"
"888","Mrps23"
"889","Mrps24"
"890","Mrps25"
"891","Mrps28"
"892","Mrps30"
"893","Mrps33"
"894","Mt1"
"895","Mtap"
"896","Mthfd1"
"897","Mtpn"
"898","Mustn1"
"899","Mvp"
"900","Mxra8"
"901","Myh9"
"902","Myl9"
"903","Myo1c"
"904","Myof"
"905","N6amt2"
"906","Naa20"
"907","Naa50"
"908","Nacc2"
"909","Nans"
"910","Nap1l4"
"911","Napa"
"912","Nav2"
"913","Ncam1"
"914","Ncbp2"
"915","Ncl"
"916","Ncln"
"917","Ncs1"
"918","Ncstn"
"919","Ndel1"
"920","Ndfip2"
"921","Ndrg4"
"922","Ndufa10"
"923","Ndufa5"
"924","Ndufa8"
"925","Ndufaf2"
"926","Ndufaf4"
"927","Ndufb10"
"928","Ndufb2"
"929","Ndufb3"
"930","Ndufs1"
"931","Ndufs6"
"932","Ndufs8"
"933","Ndufv1"
"934","Ndufv2"
"935","Ndufv3"
"936","Neat1"
"937","Necap2"
"938","Nedd4"
"939","Nek7"
"940","Nemf"
"941","Nenf"
"942","Nf1"
"943","Nfe2l2"
"944","Nfic"
"945","Nfu1"
"946","Nhp2"
"947","Nip7"
"948","Nme1"
"949","Nmt1"
"950","Nnmt"
"951","Nol12"
"952","Nolc1"
"953","Nomo1"
"954","Nop16"
"955","Nop2"
"956","Nop56"
"957","Nop58"
"958","Npc2"
"959","Npdc1"
"960","Npepps"
"961","Npm1"
"962","Npm3"
"963","Nptn"
"964","Nqo1"
"965","Nr1h2"
"966","Nradd"
"967","Nras"
"968","Nrbp1"
"969","Nrp1"
"970","Nrp2"
"971","Nsd1"
"972","Nsun2"
"973","Nt5dc2"
"974","Ntan1"
"975","Nubp1"
"976","Nucb1"
"977","Nucb2"
"978","Nudc"
"979","Nudcd2"
"980","Nudt4"
"981","Nufip2"
"982","Nupr1"
"983","Nxn"
"984","Oaf"
"985","Oat"
"986","Ociad1"
"987","Ogdh"
"988","Orc4"
"989","Os9"
"990","Osbpl5"
"991","Ostc"
"992","Ostf1"
"993","Ostm1"
"994","Otub1"
"995","Oxct1"
"996","Oxr1"
"997","P2rx4"
"998","P4ha1"
"999","P4ha2"
"1000","Pa2g4"
"1001","Pabpc1"
"1002","Pafah1b1"
"1003","Pafah1b2"
"1004","Paics"
"1005","Paip1"
"1006","Pak1ip1"
"1007","Palld"
"1008","Papola"
"1009","Park7"
"1010","Parl"
"1011","Parm1"
"1012","Parp3"
"1013","Parva"
"1014","Pbrm1"
"1015","Pbxip1"
"1016","Pcbd2"
"1017","Pcbp4"
"1018","Pcmt1"
"1019","Pcyox1"
"1020","Pdcd5"
"1021","Pdcd6ip"
"1022","Pdcl3"
"1023","Pde4dip"
"1024","Pdgfa"
"1025","Pdgfrb"
"1026","Pdia3"
"1027","Pdia5"
"1028","Pdlim5"
"1029","Pdlim7"
"1030","Pdpn"
"1031","Pdxdc1"
"1032","Pea15a"
"1033","Pes1"
"1034","Pex19"
"1035","Pfdn1"
"1036","Pfdn2"
"1037","Pfdn4"
"1038","Pfkl"
"1039","Pgd"
"1040","Pgp"
"1041","Pgrmc2"
"1042","Phax"
"1043","Phb2"
"1044","Phgdh"
"1045","Phlda1"
"1046","Phlda3"
"1047","Phldb2"
"1048","Picalm"
"1049","Pigk"
"1050","Pigp"
"1051","Pigs"
"1052","Pigyl"
"1053","Pitpna"
"1054","Pitpnb"
"1055","Pitpnc1"
"1056","Pitrm1"
"1057","Pja2"
"1058","Pkig"
"1059","Pla2g4a"
"1060","Plaa"
"1061","Pld3"
"1062","Plec"
"1063","Plekho2"
"1064","Plin2"
"1065","Plk2"
"1066","Plod1"
"1067","Plod3"
"1068","Plscr3"
"1069","Plxna1"
"1070","Plxnb2"
"1071","Pmepa1"
"1072","Pmm1"
"1073","Pmp22"
"1074","Pmpca"
"1075","Pmpcb"
"1076","Pnn"
"1077","Pno1"
"1078","Pofut2"
"1079","Pold4"
"1080","Poldip2"
"1081","Pole4"
"1082","Polr1c"
"1083","Polr1d"
"1084","Polr2f"
"1085","Polr2g"
"1086","Polr2h"
"1087","Polr2j"
"1088","Polr3k"
"1089","Pomgnt1"
"1090","Pomp"
"1091","Pon2"
"1092","Pop4"
"1093","Pop7"
"1094","Por"
"1095","Ppap2a"
"1096","Ppfibp1"
"1097","Pphln1"
"1098","Ppic"
"1099","Ppid"
"1100","Ppil1"
"1101","Ppm1g"
"1102","Ppme1"
"1103","Ppp1ca"
"1104","Ppp1cb"
"1105","Ppp1r11"
"1106","Ppp2ca"
"1107","Ppp2r1a"
"1108","Ppp2r4"
"1109","Ppp2r5b"
"1110","Ppp2r5c"
"1111","Ppp3r1"
"1112","Ppp5c"
"1113","Prdx1"
"1114","Prdx3"
"1115","Prdx6"
"1116","Prelid1"
"1117","Prep"
"1118","Prkag1"
"1119","Prkar1a"
"1120","Prkcdbp"
"1121","Prkcsh"
"1122","Prmt1"
"1123","Prmt5"
"1124","Prnp"
"1125","Pros1"
"1126","Prpf31"
"1127","Prpsap1"
"1128","Prr13"
"1129","Prrx1"
"1130","Prrx2"
"1131","Prss23"
"1132","Psap"
"1133","Psat1"
"1134","Psen1"
"1135","Psma1"
"1136","Psma2"
"1137","Psma7"
"1138","Psmb4"
"1139","Psmb6"
"1140","Psmb7"
"1141","Psmc1"
"1142","Psmc2"
"1143","Psmc3"
"1144","Psmc4"
"1145","Psmc5"
"1146","Psmc6"
"1147","Psmd1"
"1148","Psmd12"
"1149","Psmd13"
"1150","Psmd14"
"1151","Psmd3"
"1152","Psmd5"
"1153","Psmd7"
"1154","Psmd8"
"1155","Psme2"
"1156","Psme3"
"1157","Psmg2"
"1158","Psrc1"
"1159","Ptgr1"
"1160","Ptgs2"
"1161","Ptk7"
"1162","Ptms"
"1163","Ptov1"
"1164","Ptp4a2"
"1165","Ptp4a3"
"1166","Ptplad1"
"1167","Ptpn11"
"1168","Ptpra"
"1169","Ptprs"
"1170","Ptrh2"
"1171","Pttg1"
"1172","Ptx3"
"1173","Puf60"
"1174","Pvr"
"1175","Pvrl2"
"1176","Pvt1"
"1177","Qsox1"
"1178","Rab1"
"1179","Rab10"
"1180","Rab14"
"1181","Rab18"
"1182","Rab1b"
"1183","Rab24"
"1184","Rab2a"
"1185","Rab31"
"1186","Rab34"
"1187","Rab5c"
"1188","Rab7"
"1189","Rab8a"
"1190","Rab8b"
"1191","Rabac1"
"1192","Rabgef1"
"1193","Rabggtb"
"1194","Rad23b"
"1195","Rala"
"1196","Ralb"
"1197","Ralbp1"
"1198","Rarg"
"1199","Rars"
"1200","Rasa4"
"1201","Rb1cc1"
"1202","Rbbp4"
"1203","Rbm17"
"1204","Rbm18"
"1205","Rbm25"
"1206","Rbm39"
"1207","Rbm5"
"1208","Rbms1"
"1209","Rbms3"
"1210","Rbpj"
"1211","Rcc2"
"1212","Rchy1"
"1213","Rcn1"
"1214","Rcn2"
"1215","Rcn3"
"1216","Rdx"
"1217","Reep3"
"1218","Rexo2"
"1219","Rfk"
"1220","Rgs19"
"1221","Rhoa"
"1222","Rhob"
"1223","Rhoc"
"1224","Rhoj"
"1225","Ripk3"
"1226","Rnasek"
"1227","Rnf10"
"1228","Rnf11"
"1229","Rnf14"
"1230","Rnf187"
"1231","Rnf6"
"1232","Rnft1"
"1233","Rnh1"
"1234","Rnpep"
"1235","Rnps1"
"1236","Rock1"
"1237","Rock2"
"1238","Rp9"
"1239","Rpa1"
"1240","Rpl22"
"1241","Rpl34"
"1242","Rpl35"
"1243","Rpl7l1"
"1244","Rpl8"
"1245","Rpn1"
"1246","Rpn2"
"1247","Rpp21"
"1248","Rpp30"
"1249","Rps11"
"1250","Rps19bp1"
"1251","Rps24"
"1252","Rps27l"
"1253","Rps3"
"1254","Rps5"
"1255","Rps8"
"1256","Rqcd1"
"1257","Rragc"
"1258","Rras"
"1259","Rrbp1"
"1260","Rrm1"
"1261","Rrm2"
"1262","Rrp1"
"1263","Rsl1d1"
"1264","Rsu1"
"1265","Rtn3"
"1266","Rtn4"
"1267","Runx1"
"1268","Ruvbl2"
"1269","Rwdd1"
"1270","Ryk"
"1271","S100a1"
"1272","S100a10"
"1273","S100a13"
"1274","Sac3d1"
"1275","Sacm1l"
"1276","Sae1"
"1277","Samd8"
"1278","Samhd1"
"1279","Samm50"
"1280","Sar1a"
"1281","Sar1b"
"1282","Sars"
"1283","Sbds"
"1284","Sbsn"
"1285","Sc5d"
"1286","Scd2"
"1287","Scfd1"
"1288","Scoc"
"1289","Sdc2"
"1290","Sdcbp"
"1291","Sdf2"
"1292","Sdf4"
"1293","Sdha"
"1294","Sdhb"
"1295","Sdhc"
"1296","Sdpr"
"1297","Sec22b"
"1298","Sec23a"
"1299","Sec23ip"
"1300","Sec24d"
"1301","Sec31a"
"1302","Sec61a1"
"1303","Sec62"
"1304","Seh1l"
"1305","Sel1l"
"1306","Selk"
"1307","Sept11"
"1308","Sept9"
"1309","Serbp1"
"1310","Serinc1"
"1311","Serp1"
"1312","Serpine1"
"1313","Serpine2"
"1314","Serpinf1"
"1315","Serpinh1"
"1316","Sf3a3"
"1317","Sf3b1"
"1318","Sf3b2"
"1319","Sf3b5"
"1320","Sft2d1"
"1321","Sfxn1"
"1322","Sfxn3"
"1323","Sgpl1"
"1324","Sh3bgrl3"
"1325","Sh3glb1"
"1326","Sh3pxd2a"
"1327","Shfm1"
"1328","Shisa5"
"1329","Shmt2"
"1330","Shoc2"
"1331","Sidt2"
"1332","Sirt2"
"1333","Siva1"
"1334","Skap2"
"1335","Skil"
"1336","Skp1a"
"1337","Slc25a1"
"1338","Slc25a12"
"1339","Slc25a17"
"1340","Slc30a7"
"1341","Slc31a1"
"1342","Slc35b1"
"1343","Slc35e4"
"1344","Slc38a2"
"1345","Slc39a13"
"1346","Slc39a6"
"1347","Slc3a2"
"1348","Slc44a2"
"1349","Slc48a1"
"1350","Slc50a1"
"1351","Slc5a3"
"1352","Slc6a6"
"1353","Slco2a1"
"1354","Slmo2"
"1355","Smarca4"
"1356","Smarcb1"
"1357","Smarcc1"
"1358","Smarce1"
"1359","Smc4"
"1360","Smc6"
"1361","Smoc2"
"1362","Smpd1"
"1363","Smu1"
"1364","Smyd2"
"1365","Snap47"
"1366","Snapin"
"1367","Snd1"
"1368","Snhg3"
"1369","Snhg6"
"1370","Snrnp70"
"1371","Snrpa1"
"1372","Snrpb"
"1373","Snrpb2"
"1374","Snrpe"
"1375","Snw1"
"1376","Snx10"
"1377","Snx17"
"1378","Snx18"
"1379","Snx3"
"1380","Snx4"
"1381","Snx6"
"1382","Snx7"
"1383","Soat1"
"1384","Socs5"
"1385","Sod1"
"1386","Son"
"1387","Sorbs1"
"1388","Sox11"
"1389","Specc1l"
"1390","Spg20"
"1391","Spg21"
"1392","Spop"
"1393","Sqstm1"
"1394","Sri"
"1395","Srm"
"1396","Srp14"
"1397","Srp19"
"1398","Srp68"
"1399","Srp72"
"1400","Srpr"
"1401","Srprb"
"1402","Srrt"
"1403","Srsf11"
"1404","Srsf3"
"1405","Srsf5"
"1406","Srsf6"
"1407","Srsf9"
"1408","Ssb"
"1409","Ssbp1"
"1410","Ssbp3"
"1411","Ssna1"
"1412","Ssr1"
"1413","Ssrp1"
"1414","Sssca1"
"1415","Ssu72"
"1416","St3gal2"
"1417","Stat3"
"1418","Stat6"
"1419","Steap1"
"1420","Steap2"
"1421","Stip1"
"1422","Stk16"
"1423","Stk25"
"1424","Stoml2"
"1425","Strap"
"1426","Stt3a"
"1427","Stt3b"
"1428","Stx12"
"1429","Stx7"
"1430","Sub1"
"1431","Sucla2"
"1432","Suclg1"
"1433","Sugt1"
"1434","Sumf1"
"1435","Surf1"
"1436","Surf4"
"1437","Svep1"
"1438","Syf2"
"1439","Syngr2"
"1440","Synj2bp"
"1441","Sypl"
"1442","Taf9"
"1443","Tagln"
"1444","Tagln2"
"1445","Tank"
"1446","Taok1"
"1447","Tardbp"
"1448","Tars"
"1449","Tax1bp1"
"1450","Tbc1d9b"
"1451","Tbcb"
"1452","Tbl3"
"1453","Tbrg1"
"1454","Tceb1"
"1455","Tcf25"
"1456","Tcn2"
"1457","Tead1"
"1458","Tecr"
"1459","Tes"
"1460","Tex261"
"1461","Tex264"
"1462","Tfpi"
"1463","Tgfb1i1"
"1464","Tgfb3"
"1465","Tgoln1"
"1466","Thap7"
"1467","Thbs1"
"1468","Thbs2"
"1469","Thoc7"
"1470","Timm13"
"1471","Timm22"
"1472","Timm50"
"1473","Timp2"
"1474","Timp3"
"1475","Tinagl1"
"1476","Tiprl"
"1477","Tkt"
"1478","Tln1"
"1479","Tm2d1"
"1480","Tm2d2"
"1481","Tm4sf1"
"1482","Tm9sf1"
"1483","Tm9sf2"
"1484","Tm9sf3"
"1485","Tmbim1"
"1486","Tmbim4"
"1487","Tmbim6"
"1488","Tmco3"
"1489","Tmed1"
"1490","Tmed10"
"1491","Tmed3"
"1492","Tmed5"
"1493","Tmed7"
"1494","Tmed9"
"1495","Tmem106b"
"1496","Tmem109"
"1497","Tmem119"
"1498","Tmem120a"
"1499","Tmem123"
"1500","Tmem126a"
"1501","Tmem127"
"1502","Tmem134"
"1503","Tmem147"
"1504","Tmem14c"
"1505","Tmem161a"
"1506","Tmem165"
"1507","Tmem167b"
"1508","Tmem184b"
"1509","Tmem192"
"1510","Tmem205"
"1511","Tmem208"
"1512","Tmem214"
"1513","Tmem222"
"1514","Tmem223"
"1515","Tmem30a"
"1516","Tmem33"
"1517","Tmem43"
"1518","Tmem45a"
"1519","Tmem5"
"1520","Tmem50a"
"1521","Tmem55b"
"1522","Tmem59"
"1523","Tmem66"
"1524","Tmem70"
"1525","Tmem9"
"1526","Tmem97"
"1527","Tmem9b"
"1528","Tmf1"
"1529","Tmsb10"
"1530","Tmx1"
"1531","Tnc"
"1532","Tnfaip1"
"1533","Tnfrsf12a"
"1534","Tnfrsf1a"
"1535","Tnpo3"
"1536","Tns1"
"1537","Tns3"
"1538","Tomm22"
"1539","Tomm6"
"1540","Tomm7"
"1541","Tomm70a"
"1542","Tor1a"
"1543","Tor1aip2"
"1544","Tor1b"
"1545","Tpd52l2"
"1546","Tpm4"
"1547","Tpp1"
"1548","Tpr"
"1549","Tprgl"
"1550","Tpst2"
"1551","Tra2a"
"1552","Tra2b"
"1553","Tram1"
"1554","Trap1"
"1555","Trappc2l"
"1556","Trappc6a"
"1557","Trappc6b"
"1558","Trim3"
"1559","Trim35"
"1560","Triobp"
"1561","Trip6"
"1562","Trp53"
"1563","Trpc4ap"
"1564","Trrap"
"1565","Tsc22d1"
"1566","Tsc22d4"
"1567","Tsg101"
"1568","Tsku"
"1569","Tsn"
"1570","Tspan3"
"1571","Tspan31"
"1572","Tspo"
"1573","Tspyl1"
"1574","Tsta3"
"1575","Ttc1"
"1576","Ttc39b"
"1577","Tubb2a"
"1578","Tufm"
"1579","Txn2"
"1580","Txndc15"
"1581","Txnl1"
"1582","Txnl4a"
"1583","Txnrd1"
"1584","U2af1l4"
"1585","Uba2"
"1586","Uba3"
"1587","Uba5"
"1588","Ubac2"
"1589","Ubc"
"1590","Ube2f"
"1591","Ube2h"
"1592","Ube2j1"
"1593","Ube2k"
"1594","Ube2l3"
"1595","Ube2w"
"1596","Ube3b"
"1597","Ubl7"
"1598","Ubqln1"
"1599","Ubr2"
"1600","Ubxn1"
"1601","Ubxn4"
"1602","Uchl3"
"1603","Ufc1"
"1604","Ufd1l"
"1605","Ufsp2"
"1606","Ugdh"
"1607","Uggt1"
"1608","Ugp2"
"1609","Unc5b"
"1610","Uqcrc1"
"1611","Uqcrc2"
"1612","Uqcrfs1"
"1613","Usp14"
"1614","Usp16"
"1615","Usp39"
"1616","Usp4"
"1617","Usp47"
"1618","Utp11l"
"1619","Utp18"
"1620","Utrn"
"1621","Vamp3"
"1622","Vapa"
"1623","Vapb"
"1624","Vat1"
"1625","Vcam1"
"1626","Vcan"
"1627","Vcl"
"1628","Vcp"
"1629","Vdac1"
"1630","Vdac2"
"1631","Vgll3"
"1632","Vim"
"1633","Vkorc1"
"1634","Vmp1"
"1635","Vps25"
"1636","Vps26a"
"1637","Vps35"
"1638","Vps39"
"1639","Vps41"
"1640","Vti1b"
"1641","Wbp2"
"1642","Wbp4"
"1643","Wbscr22"
"1644","Wdr1"
"1645","Wdr12"
"1646","Wdr18"
"1647","Wdr26"
"1648","Wdr36"
"1649","Wdr61"
"1650","Wdr77"
"1651","Wipi1"
"1652","Wisp1"
"1653","Wisp2"
"1654","Wls"
"1655","Wrb"
"1656","Wsb1"
"1657","Xbp1"
"1658","Xpnpep1"
"1659","Xrn2"
"1660","Yap1"
"1661","Yars"
"1662","Yif1b"
"1663","Yipf5"
"1664","Ykt6"
"1665","Yme1l1"
"1666","Ywhab"
"1667","Zc3h11a"
"1668","Zc3h15"
"1669","Zdhhc20"
"1670","Zdhhc3"
"1671","Zfand6"
"1672","Zfp266"
"1673","Zfp706"
"1674","Zfyve21"
"1675","Zmiz1"
"1676","Zmpste24"
"1677","Znhit1"
"1678","Zwint"
"1679","Zyx"
"1680","l7Rn6"
